Carabine semi-automatique TAVOR TAR-21 - Israel Weapon Industries,"2 949,95 $"
Fusil semi-automatique Vinci SuperSport fibre de carbone - Benelli,"2 919,95 $"
Fusil semi-automatique Legacy - Benelli,"2 499,95 $"
Fusil semi-automatique Super Black Eagle III Realtree Max-5 - Benelli,"2 499,95 $"
Fusil semi-automatique Super Vinci Max-5 - Benelli,"2 349,95 $"
Fusil semi-automatique Super Black Eagle III noir - Benelli,"2 349,95 $"
Fusil semi-automatique Ultra Light - Benelli,"2 249,95 $"
Fusil semi-automatique A400 Xtreme Shadow Grass Blades - Beretta,"2 249,95 $"
Fusil semi-automatique Super Vinci noir - Benelli,"2 129,95 $"
Fusil semi-automatique A400 Xplor Action gaucher - Beretta,"2 099,95 $"
Fusil semi-automatique A400 Xtreme Unico Camo Max5 - Beretta,"1 999,95 $"
Fusil semi-automatique A400 Xtreme Unico Camo Max5 gaucher - Beretta,"1 999,95 $"
Carabine semi-automatique MR1 Télescopique - Benelli,"1 999,95 $"
Fusil semi-automatique A400 Xtreme Unico Synthetic - Beretta,"1 979,95 $"
Carabine semi-automatique BAR Safari édition anniversaire - Browning,"1 849,95 $"
Fusil semi-automatique A5 Stalker - Browning,"1 799,95 $"
Fusil semi-automatique Maxus MOSGB - Browning,"1 749,95 $"
Fusil semi-automatique Maxus Realtree MAX-5 - Browning,"1 749,95 $"
Fusil semi-automatique Maxus Stalker - Browning,"1 639,95 $"
Fusil semi-automatique VersaMax gaucher - Remington,"1 599,95 $"
Pistolet semi-automatique M9A3 - Beretta,"1 529,95 $"
Carabine semi-automatique CX-4 Storm - Beretta,"1 289,95 $"
Fusil semi-automatique Versa Max Sportsman Duck Blind - Remington,"1 249,95 $"
Fusil semi-automatique VERSA MAX Sportsman Noir - Remington,"1 199,95 $"
Carabine semi-automatique Mini-14 Ranch - Ruger,"1 199,95 $"
Carabine semi-automatique Type 97 NSR - Norinco,"1 149,95 $"
Fusil semi-automatique Affinity-3 - Franchi,"1 099,95 $"
Fusil semi-automatique V3 Field Sport MO Blades - Remington,"1 029,95 $"
Fusil semi-automatique V3 Field Sport MOBU Country - Remington,"1 029,95 $"
Fusil semi-automatique V3 Field Sport - Remington,"929,95 $"
Fusil semi-automatique M3500 Realtree Max-5 - Stoeger,"899,95 $"
Fusil semi-automatique M3500 noir - Stoeger,"799,95 $"
Carabine semi-automatique Oracle - DPMS,"699,95 $"
Carabine semi-automatique M&P 15-22 Sport - Smith & Wesson,"649,95 $"
Carabine semi-automatique STG44 - Schmeisser,"589,95 $"
Carabine semi-automatique MK22 - ISSC,"489,95 $"
Carabine semi-automatique A22 - Savage Arms,"399,95 $"
Carabine semi-automatique 10/22RB - Ruger,"329,95 $"
Carabine semi-automatique 64 G - Savage Arms,"269,95 $"
Carabine semi-automatique 597 - Remington,"229,95 $"
